Order, Source File, Line Number, Mem Size
1099,Unknown, 0, 80
1110,Unknown, 0, 80
1121,Unknown, 0, 80
1132,Unknown, 0, 80
1143,Unknown, 0, 80
1154,Unknown, 0, 80
1165,Unknown, 0, 80
1176,Unknown, 0, 80
1197,Unknown, 0, 32
1192,Unknown, 0, 95
1227,Unknown, 0, 32
1222,Unknown, 0, 32
1232,Unknown, 0, 96
1235,Unknown, 0, 96
1244,Unknown, 0, 32
1251,Unknown, 0, 32
1254,Unknown, 0, 32
1261,Unknown, 0, 32
1266,Unknown, 0, 32
1271,Unknown, 0, 32
1274,Unknown, 0, 32
1281,Unknown, 0, 32
1286,Unknown, 0, 32
1301,Unknown, 0, 32
1306,Unknown, 0, 32
1317,Unknown, 0, 64
1347,Unknown, 0, 64
1336,Unknown, 0, 95
1361,Unknown, 0, 64
1396,Unknown, 0, 95
1399,Unknown, 0, 32
1380,Unknown, 0, 95
1402,Unknown, 0, 32
1405,Unknown, 0, 32
1408,Unknown, 0, 32
1411,Unknown, 0, 32
1414,Unknown, 0, 32
1421,Unknown, 0, 32
1424,Unknown, 0, 32
1427,Unknown, 0, 32
1430,Unknown, 0, 32
1433,Unknown, 0, 32
1436,Unknown, 0, 32
1439,Unknown, 0, 32
1442,Unknown, 0, 32
1445,Unknown, 0, 32
1450,Unknown, 0, 32
1455,Unknown, 0, 32
1458,Unknown, 0, 32
1461,Unknown, 0, 32
1464,Unknown, 0, 32
1467,Unknown, 0, 32
1470,Unknown, 0, 32
1480,Unknown, 0, 32
1475,Unknown, 0, 32
1533,Unknown, 0, 48
1536,Unknown, 0, 48
17080,Unknown, 0, 32
17074,Unknown, 0, 32
17076,Unknown, 0, 32
